{"segments":{"segment328":{"id":"segment328","color":"red","start":{"x":48.3277587890625,"y":95},"end":{"x":48.4949836730957,"y":70.40133666992188},"curveControlStart":{"x":48.38350041707357,"y":86.80044555664062},"curveControlEnd":{"x":48.43924204508463,"y":78.60089111328125}},"segment129":{"id":"segment129","color":"blue","start":{"x":48.4949836730957,"y":70.40133666992188},"end":{"x":48.662208557128906,"y":45.81939697265625},"curveControlStart":{"x":48.55072530110677,"y":62.207356770833336},"curveControlEnd":{"x":48.606466929117836,"y":54.01337687174479}}},"groundY":95}
