{"segments":{"segment26":{"id":"segment26","color":"blue","start":{"x":35.61872863769531,"y":95},"end":{"x":35.95317840576172,"y":65.0501708984375},"curveControlStart":{"x":35.730211893717446,"y":85.0167236328125},"curveControlEnd":{"x":35.841695149739586,"y":75.033447265625}},"segment127":{"id":"segment127","color":"red","start":{"x":63.54515075683594,"y":95},"end":{"x":63.54515075683594,"y":65.88628387451172},"curveControlStart":{"x":63.54515075683594,"y":85.29542795817058},"curveControlEnd":{"x":63.54515075683594,"y":75.59085591634114}}},"groundY":95}
