{"segments":{"segment43":{"id":"segment43","color":"blue","start":{"x":49.16387939453125,"y":95},"end":{"x":48.829429626464844,"y":66.05351257324219},"curveControlStart":{"x":49.05239613850912,"y":85.35117085774739},"curveControlEnd":{"x":48.94091288248698,"y":75.7023417154948}}},"groundY":95}
