{"segments":{"segment9814":{"id":"segment9814","color":"blue","start":{"x":35.785953521728516,"y":95},"end":{"x":35.785953521728516,"y":65.88628387451172},"curveControlStart":{"x":35.785953521728516,"y":85.29542795817058},"curveControlEnd":{"x":35.785953521728516,"y":75.59085591634114}},"segment4915":{"id":"segment4915","color":"blue","start":{"x":64.7157211303711,"y":95},"end":{"x":64.54849243164062,"y":65.88628387451172},"curveControlStart":{"x":64.65997823079427,"y":85.29542795817058},"curveControlEnd":{"x":64.60423533121745,"y":75.59085591634114}},"segment5616":{"id":"segment5616","color":"red","start":{"x":35.785953521728516,"y":65.88628387451172},"end":{"x":64.54849243164062,"y":65.88628387451172},"curveControlStart":{"x":45.37346649169922,"y":65.88628387451172},"curveControlEnd":{"x":54.96097946166992,"y":65.88628387451172}}},"groundY":95}
