{"segments":{"segment100":{"id":"segment100","color":"blue","start":{"x":37.12374496459961,"y":95},"end":{"x":37.62541961669922,"y":69.56521606445312},"curveControlStart":{"x":37.29096984863281,"y":86.52173868815105},"curveControlEnd":{"x":37.458194732666016,"y":78.04347737630208}},"segment761":{"id":"segment761","color":"red","start":{"x":37.62541961669922,"y":69.56521606445312},"end":{"x":37.95986557006836,"y":43.97993469238281},"curveControlStart":{"x":37.7369016011556,"y":61.03678894042969},"curveControlEnd":{"x":37.84838358561198,"y":52.50836181640625}},"segment32":{"id":"segment32","color":"red","start":{"x":64.7157211303711,"y":95},"end":{"x":64.7157211303711,"y":43.14381408691406},"curveControlStart":{"x":64.7157211303711,"y":77.71460469563802},"curveControlEnd":{"x":64.7157211303711,"y":60.429209391276046}}},"groundY":95}