{"segments":{"segment180":{"id":"segment180","color":"blue","start":{"x":33.83333206176758,"y":95},"end":{"x":34.66666793823242,"y":68.33333587646484},"curveControlStart":{"x":34.11111068725586,"y":86.11111195882161},"curveControlEnd":{"x":34.38888931274414,"y":77.22222391764323}},"segment441":{"id":"segment441","color":"red","start":{"x":34.66666793823242,"y":68.33333587646484},"end":{"x":61.5,"y":68.16666412353516},"curveControlStart":{"x":43.61111195882162,"y":68.27777862548828},"curveControlEnd":{"x":52.555555979410805,"y":68.22222137451172}},"segment712":{"id":"segment712","color":"blue","start":{"x":61.5,"y":68.16666412353516},"end":{"x":61.5,"y":95},"curveControlStart":{"x":61.5,"y":77.11110941569011},"curveControlEnd":{"x":61.5,"y":86.05555470784505}}},"groundY":95}