{
  "name": "1/2 + 1/2 + -1",
  "segments": {"segment605":{"id":"segment605","color":"blue","start":{"x":47.61,"y":95},"end":{"x":47.61,"y":68.32},"curveControlStart":{"x":47.61,"y":86.10666666666667},"curveControlEnd":{"x":47.61,"y":77.21333333333332}},"segment216":{"id":"segment216","color":"red","start":{"x":47.61,"y":68.32},"end":{"x":47.61,"y":39.31},"curveControlStart":{"x":47.61,"y":58.65},"curveControlEnd":{"x":47.61,"y":48.98}},"segment317":{"id":"segment317","color":"blue","start":{"x":31.2,"y":95},"end":{"x":31.58,"y":67.56},"curveControlStart":{"x":31.326666666666664,"y":85.85333333333334},"curveControlEnd":{"x":31.453333333333333,"y":76.70666666666666}},"segment78":{"id":"segment78","color":"red","start":{"x":31.58,"y":67.56},"end":{"x":31.58,"y":38.17},"curveControlStart":{"x":31.58,"y":57.763333333333335},"curveControlEnd":{"x":31.58,"y":47.96666666666667}},"segment279":{"id":"segment279","color":"red","start":{"x":63.26,"y":95},"end":{"x":62.5,"y":67.75},"curveControlStart":{"x":63.00666666666667,"y":85.91666666666667},"curveControlEnd":{"x":62.75333333333333,"y":76.83333333333333}}}
}