{
  "name": "1/4 + 1/4 + 1/4 + -1",
  "segments": {"segment2710":{"id":"segment2710","color":"blue","start":{"x":47.61,"y":95},"end":{"x":47.61,"y":76.91},"curveControlStart":{"x":47.61,"y":88.97},"curveControlEnd":{"x":47.61,"y":82.94}},"segment5711":{"id":"segment5711","color":"red","start":{"x":47.61,"y":76.91},"end":{"x":47.61,"y":60.31},"curveControlStart":{"x":47.61,"y":71.37666666666667},"curveControlEnd":{"x":47.61,"y":65.84333333333333}},"segment6512":{"id":"segment6512","color":"red","start":{"x":47.61,"y":60.31},"end":{"x":47.81,"y":43.7},"curveControlStart":{"x":47.67666666666667,"y":54.77333333333333},"curveControlEnd":{"x":47.74333333333333,"y":49.23666666666667}},"segment7413":{"id":"segment7413","color":"blue","start":{"x":32.16,"y":95},"end":{"x":32.16,"y":76.72},"curveControlStart":{"x":32.16,"y":88.90666666666667},"curveControlEnd":{"x":32.16,"y":82.81333333333333}},"segment7514":{"id":"segment7514","color":"red","start":{"x":32.16,"y":76.72},"end":{"x":32.35,"y":59.54},"curveControlStart":{"x":32.22333333333333,"y":70.99333333333334},"curveControlEnd":{"x":32.28666666666667,"y":65.26666666666667}},"segment6215":{"id":"segment6215","color":"red","start":{"x":32.35,"y":59.54},"end":{"x":32.54,"y":42.56},"curveControlStart":{"x":32.413333333333334,"y":53.88},"curveControlEnd":{"x":32.47666666666667,"y":48.22}},"segment4916":{"id":"segment4916","color":"red","start":{"x":61.35,"y":95},"end":{"x":61.16,"y":77.1},"curveControlStart":{"x":61.28666666666667,"y":89.03333333333333},"curveControlEnd":{"x":61.22333333333333,"y":83.06666666666666}},"segment3318":{"id":"segment3318","color":"blue","start":{"x":39.22,"y":95},"end":{"x":39.22,"y":76.34},"curveControlStart":{"x":39.22,"y":88.78},"curveControlEnd":{"x":39.22,"y":82.56}},"segment4919":{"id":"segment4919","color":"red","start":{"x":39.22,"y":76.34},"end":{"x":39.6,"y":59.92},"curveControlStart":{"x":39.346666666666664,"y":70.86666666666667},"curveControlEnd":{"x":39.473333333333336,"y":65.39333333333333}},"segment6520":{"id":"segment6520","color":"red","start":{"x":39.6,"y":59.92},"end":{"x":39.79,"y":42.75},"curveControlStart":{"x":39.663333333333334,"y":54.196666666666665},"curveControlEnd":{"x":39.72666666666667,"y":48.473333333333336}}}
}