{
  "name": "* + -1/4",
  "segments": {"segment390":{"id":"segment390","color":"green","start":{"x":35.4,"y":95},"end":{"x":35.59,"y":64.89},"curveControlStart":{"x":35.46333333333333,"y":84.96333333333334},"curveControlEnd":{"x":35.52666666666667,"y":74.92666666666666}},"segment311":{"id":"segment311","color":"red","start":{"x":62.31,"y":95},"end":{"x":62.31,"y":64.89},"curveControlStart":{"x":62.31,"y":84.96333333333334},"curveControlEnd":{"x":62.31,"y":74.92666666666666}},"segment442":{"id":"segment442","color":"blue","start":{"x":62.31,"y":64.89},"end":{"x":62.5,"y":36.26},"curveControlStart":{"x":62.373333333333335,"y":55.346666666666664},"curveControlEnd":{"x":62.43666666666667,"y":45.803333333333335}},"segment493":{"id":"segment493","color":"blue","start":{"x":62.5,"y":36.26},"end":{"x":62.12,"y":14.89},"curveControlStart":{"x":62.373333333333335,"y":29.136666666666667},"curveControlEnd":{"x":62.24666666666666,"y":22.013333333333332}}}
}