{
  "name": "↑ + -1/2",
  "segments": {"segment390":{"id":"segment390","color":"green","start":{"x":35.4,"y":95},"end":{"x":35.59,"y":64.89},"curveControlStart":{"x":35.46333333333333,"y":84.96333333333334},"curveControlEnd":{"x":35.52666666666667,"y":74.92666666666666}},"segment311":{"id":"segment311","color":"red","start":{"x":62.31,"y":95},"end":{"x":62.31,"y":64.89},"curveControlStart":{"x":62.31,"y":84.96333333333334},"curveControlEnd":{"x":62.31,"y":74.92666666666666}},"segment442":{"id":"segment442","color":"blue","start":{"x":62.31,"y":64.89},"end":{"x":62.5,"y":36.26},"curveControlStart":{"x":62.373333333333335,"y":55.346666666666664},"curveControlEnd":{"x":62.43666666666667,"y":45.803333333333335}},"segment694":{"id":"segment694","color":"blue","start":{"x":35.59,"y":64.89},"end":{"x":48.19,"y":41.98},"curveControlStart":{"x":39.79,"y":57.25333333333333},"curveControlEnd":{"x":43.99,"y":49.61666666666667}},"segment195":{"id":"segment195","color":"green","start":{"x":35.4,"y":95},"end":{"x":17.46,"y":78.44},"curveControlStart":{"x":29.419999999999998,"y":89.48},"curveControlEnd":{"x":23.44,"y":83.96}}}
}