{
  "name": "-½",
  "segments": {"segment664":{"id":"segment664","color":"blue","start":{"x":17.75,"y":95},"end":{"x":18.32,"y":63.55},"curveControlStart":{"x":17.94,"y":84.51666666666667},"curveControlEnd":{"x":18.13,"y":74.03333333333333}},"segment525":{"id":"segment525","color":"blue","start":{"x":50.57,"y":95},"end":{"x":50.57,"y":63.55},"curveControlStart":{"x":50.57,"y":84.51666666666667},"curveControlEnd":{"x":50.57,"y":74.03333333333333}},"segment606":{"id":"segment606","color":"red","start":{"x":18.32,"y":63.55},"end":{"x":50.57,"y":63.55},"curveControlStart":{"x":29.07,"y":63.55},"curveControlEnd":{"x":39.82,"y":63.55}},"segment877":{"id":"segment877","color":"red","start":{"x":67.37,"y":95},"end":{"x":67.37,"y":63.17},"curveControlStart":{"x":67.37,"y":84.39},"curveControlEnd":{"x":67.37,"y":73.78}},"segment718":{"id":"segment718","color":"red","start":{"x":77.29,"y":95},"end":{"x":77.1,"y":71.76},"curveControlStart":{"x":77.22666666666667,"y":87.25333333333333},"curveControlEnd":{"x":77.16333333333333,"y":79.50666666666667}},"segment639":{"id":"segment639","color":"blue","start":{"x":77.1,"y":71.76},"end":{"x":77.29,"y":51.34},"curveControlStart":{"x":77.16333333333333,"y":64.95333333333333},"curveControlEnd":{"x":77.22666666666667,"y":58.14666666666667}},"segment410":{"id":"segment410","color":"blue","start":{"x":77.29,"y":51.34},"end":{"x":77.1,"y":35.69},"curveControlStart":{"x":77.22666666666667,"y":46.123333333333335},"curveControlEnd":{"x":77.16333333333333,"y":40.906666666666666}}}
}
