{
  "name": "1±2",
  "segments": {"segment710":{"id":"segment710","color":"red","start":{"x":23.39,"y":95},"end":{"x":23.77,"y":71.23},"curveControlStart":{"x":23.516666666666666,"y":87.07666666666667},"curveControlEnd":{"x":23.643333333333334,"y":79.15333333333334}},"segment535":{"id":"segment535","color":"red","start":{"x":23.77,"y":71.23},"end":{"x":29.69,"y":57.68},"curveControlStart":{"x":25.743333333333332,"y":66.71333333333334},"curveControlEnd":{"x":27.71666666666667,"y":62.196666666666665}},"segment786":{"id":"segment786","color":"red","start":{"x":29.69,"y":57.68},"end":{"x":37.51,"y":52.72},"curveControlStart":{"x":32.29666666666667,"y":56.026666666666664},"curveControlEnd":{"x":34.903333333333336,"y":54.373333333333335}},"segment517":{"id":"segment517","color":"blue","start":{"x":37.51,"y":52.72},"end":{"x":45.91,"y":52.72},"curveControlStart":{"x":40.309999999999995,"y":52.72},"curveControlEnd":{"x":43.11,"y":52.72}},"segment978":{"id":"segment978","color":"blue","start":{"x":45.91,"y":52.72},"end":{"x":53.92,"y":52.34},"curveControlStart":{"x":48.58,"y":52.593333333333334},"curveControlEnd":{"x":51.25,"y":52.46666666666667}},"segment229":{"id":"segment229","color":"blue","start":{"x":53.92,"y":52.34},"end":{"x":61.94,"y":56.73},"curveControlStart":{"x":56.593333333333334,"y":53.803333333333335},"curveControlEnd":{"x":59.266666666666666,"y":55.266666666666666}},"segment810":{"id":"segment810","color":"blue","start":{"x":61.94,"y":56.73},"end":{"x":69.19,"y":69.89},"curveControlStart":{"x":64.35666666666667,"y":61.11666666666667},"curveControlEnd":{"x":66.77333333333333,"y":65.50333333333333}},"segment5511":{"id":"segment5511","color":"blue","start":{"x":69.19,"y":69.89},"end":{"x":69.19,"y":95},"curveControlStart":{"x":69.19,"y":78.26},"curveControlEnd":{"x":69.19,"y":86.63}}}
}
