{
  "name": "1±2",
  "segments": {"segment3912":{"id":"segment3912","color":"blue","start":{"x":16.9,"y":95},"end":{"x":17.28,"y":65.52},"curveControlStart":{"x":17.026666666666667,"y":85.17333333333333},"curveControlEnd":{"x":17.153333333333332,"y":75.34666666666666}},"segment8315":{"id":"segment8315","color":"blue","start":{"x":17.28,"y":65.52},"end":{"x":23.2,"y":50.64},"curveControlStart":{"x":19.253333333333334,"y":60.559999999999995},"curveControlEnd":{"x":21.226666666666667,"y":55.6}},"segment8116":{"id":"segment8116","color":"blue","start":{"x":23.2,"y":50.64},"end":{"x":33.31,"y":42.24},"curveControlStart":{"x":26.57,"y":47.84},"curveControlEnd":{"x":29.94,"y":45.04}},"segment3117":{"id":"segment3117","color":"blue","start":{"x":33.31,"y":42.24},"end":{"x":45.53,"y":42.43},"curveControlStart":{"x":37.38333333333333,"y":42.303333333333335},"curveControlEnd":{"x":41.45666666666667,"y":42.36666666666667}},"segment4518":{"id":"segment4518","color":"blue","start":{"x":45.53,"y":42.43},"end":{"x":58.31,"y":42.24},"curveControlStart":{"x":49.79,"y":42.36666666666667},"curveControlEnd":{"x":54.050000000000004,"y":42.303333333333335}},"segment9919":{"id":"segment9919","color":"red","start":{"x":58.31,"y":42.24},"end":{"x":68.43,"y":49.68},"curveControlStart":{"x":61.68333333333334,"y":44.72},"curveControlEnd":{"x":65.05666666666667,"y":47.2}},"segment1020":{"id":"segment1020","color":"red","start":{"x":68.43,"y":49.68},"end":{"x":76.06,"y":64.19},"curveControlStart":{"x":70.97333333333334,"y":54.516666666666666},"curveControlEnd":{"x":73.51666666666667,"y":59.35333333333333}},"segment7921":{"id":"segment7921","color":"red","start":{"x":76.06,"y":64.19},"end":{"x":76.25,"y":95},"curveControlStart":{"x":76.12333333333333,"y":74.46},"curveControlEnd":{"x":76.18666666666667,"y":84.73}}}
}
