{
  "name": "over",
  "segments": {"segment170":{"id":"segment170","color":"blue","start":{"x":48.96,"y":95},"end":{"x":48.77,"y":67.41},"curveControlStart":{"x":48.89666666666667,"y":85.80333333333333},"curveControlEnd":{"x":48.833333333333336,"y":76.60666666666667}},"segment286":{"id":"segment286","color":"red","start":{"x":48.77,"y":67.41},"end":{"x":23.39,"y":67.41},"curveControlStart":{"x":40.31,"y":67.41},"curveControlEnd":{"x":31.85,"y":67.41}},"segment237":{"id":"segment237","color":"red","start":{"x":48.77,"y":67.41},"end":{"x":29.11,"y":46.04},"curveControlStart":{"x":42.21666666666667,"y":60.28666666666666},"curveControlEnd":{"x":35.663333333333334,"y":53.163333333333334}},"segment818":{"id":"segment818","color":"red","start":{"x":48.77,"y":67.41},"end":{"x":48.58,"y":40.31},"curveControlStart":{"x":48.70666666666667,"y":58.376666666666665},"curveControlEnd":{"x":48.64333333333333,"y":49.343333333333334}},"segment19":{"id":"segment19","color":"red","start":{"x":48.77,"y":67.41},"end":{"x":66.52,"y":47.18},"curveControlStart":{"x":55.196666666666665,"y":60.22333333333333},"curveControlEnd":{"x":61.623333333333335,"y":53.03666666666667}},"segment5210":{"id":"segment5210","color":"red","start":{"x":48.77,"y":67.41},"end":{"x":58.31,"y":42.41},"curveControlStart":{"x":51.95,"y":59.07666666666666},"curveControlEnd":{"x":55.13,"y":50.74333333333333}},"segment3411":{"id":"segment3411","color":"red","start":{"x":48.77,"y":67.41},"end":{"x":70.72,"y":54.25},"curveControlStart":{"x":56.723333333333336,"y":62.51333333333333},"curveControlEnd":{"x":64.67666666666666,"y":57.61666666666667}},"segment2512":{"id":"segment2512","color":"red","start":{"x":48.77,"y":67.41},"end":{"x":69,"y":50.62},"curveControlStart":{"x":56.02333333333333,"y":61.36666666666667},"curveControlEnd":{"x":63.27666666666667,"y":55.32333333333333}},"segment4713":{"id":"segment4713","color":"red","start":{"x":48.77,"y":67.41},"end":{"x":71.86,"y":58.25},"curveControlStart":{"x":57.42,"y":63.72},"curveControlEnd":{"x":66.07,"y":60.03}},"segment1914":{"id":"segment1914","color":"red","start":{"x":48.77,"y":67.41},"end":{"x":71.86,"y":62.26},"curveControlStart":{"x":57.550000000000004,"y":65.18333333333334},"curveControlEnd":{"x":66.33,"y":62.95666666666666}},"segment7315":{"id":"segment7315","color":"red","start":{"x":48.77,"y":67.41},"end":{"x":38.47,"y":41.27},"curveControlStart":{"x":45.336666666666666,"y":58.696666666666665},"curveControlEnd":{"x":41.903333333333336,"y":49.983333333333334}},"segment8216":{"id":"segment8216","color":"red","start":{"x":48.77,"y":67.41},"end":{"x":25.3,"y":56.15},"curveControlStart":{"x":40.94666666666667,"y":63.656666666666666},"curveControlEnd":{"x":33.123333333333335,"y":59.90333333333333}}}
}
