{
  "name": "on",
  "segments": {"segment150":{"id":"segment150","color":"blue","start":{"x":47.82,"y":95},"end":{"x":16.9,"y":70.85},"curveControlStart":{"x":37.513333333333335,"y":86.95},"curveControlEnd":{"x":27.206666666666663,"y":78.89999999999999}},"segment221":{"id":"segment221","color":"blue","start":{"x":47.82,"y":95},"end":{"x":47.82,"y":53.86},"curveControlStart":{"x":47.82,"y":81.28666666666666},"curveControlEnd":{"x":47.82,"y":67.57333333333334}},"segment432":{"id":"segment432","color":"blue","start":{"x":47.82,"y":95},"end":{"x":30.83,"y":58.44},"curveControlStart":{"x":42.156666666666666,"y":82.81333333333333},"curveControlEnd":{"x":36.49333333333333,"y":70.62666666666667}},"segment993":{"id":"segment993","color":"blue","start":{"x":47.82,"y":95},"end":{"x":64.99,"y":58.83},"curveControlStart":{"x":53.54333333333333,"y":82.94333333333333},"curveControlEnd":{"x":59.266666666666666,"y":70.88666666666667}},"segment174":{"id":"segment174","color":"blue","start":{"x":47.82,"y":95},"end":{"x":76.44,"y":70.28},"curveControlStart":{"x":57.36,"y":86.76},"curveControlEnd":{"x":66.9,"y":78.52}},"segment535":{"id":"segment535","color":"blue","start":{"x":47.82,"y":95},"end":{"x":71.86,"y":63.02},"curveControlStart":{"x":55.833333333333336,"y":84.34},"curveControlEnd":{"x":63.846666666666664,"y":73.68}},"segment496":{"id":"segment496","color":"blue","start":{"x":47.82,"y":95},"end":{"x":56.59,"y":55.96},"curveControlStart":{"x":50.74333333333333,"y":81.98666666666666},"curveControlEnd":{"x":53.66666666666667,"y":68.97333333333333}},"segment587":{"id":"segment587","color":"blue","start":{"x":47.82,"y":95},"end":{"x":78.35,"y":74.09},"curveControlStart":{"x":57.99666666666666,"y":88.03},"curveControlEnd":{"x":68.17333333333333,"y":81.06}},"segment278":{"id":"segment278","color":"blue","start":{"x":47.82,"y":95},"end":{"x":79.88,"y":78.29},"curveControlStart":{"x":58.50666666666667,"y":89.43},"curveControlEnd":{"x":69.19333333333333,"y":83.86}}}
}
