{
  "name": "dud",
  "segments": {"segment520":{"id":"segment520","color":"blue","start":{"x":29.88,"y":95},"end":{"x":5.07,"y":87.45},"curveControlStart":{"x":21.61,"y":92.48333333333333},"curveControlEnd":{"x":13.34,"y":89.96666666666667}},"segment131":{"id":"segment131","color":"blue","start":{"x":29.88,"y":95},"end":{"x":13.08,"y":76.57},"curveControlStart":{"x":24.28,"y":88.85666666666667},"curveControlEnd":{"x":18.68,"y":82.71333333333332}},"segment543":{"id":"segment543","color":"blue","start":{"x":29.88,"y":95},"end":{"x":24.15,"y":72.37},"curveControlStart":{"x":27.97,"y":87.45666666666666},"curveControlEnd":{"x":26.06,"y":79.91333333333334}},"segment994":{"id":"segment994","color":"blue","start":{"x":29.88,"y":95},"end":{"x":33.5,"y":71.8},"curveControlStart":{"x":31.086666666666666,"y":87.26666666666667},"curveControlEnd":{"x":32.29333333333334,"y":79.53333333333333}},"segment285":{"id":"segment285","color":"blue","start":{"x":29.88,"y":95},"end":{"x":39.42,"y":75.62},"curveControlStart":{"x":33.06,"y":88.54},"curveControlEnd":{"x":36.24,"y":82.08}},"segment346":{"id":"segment346","color":"blue","start":{"x":29.88,"y":95},"end":{"x":43.24,"y":78.86},"curveControlStart":{"x":34.333333333333336,"y":89.62},"curveControlEnd":{"x":38.78666666666667,"y":84.24}},"segment378":{"id":"segment378","color":"blue","start":{"x":29.88,"y":95},"end":{"x":45.72,"y":82.3},"curveControlStart":{"x":35.16,"y":90.76666666666667},"curveControlEnd":{"x":40.44,"y":86.53333333333333}},"segment8710":{"id":"segment8710","color":"red","start":{"x":70.34,"y":95},"end":{"x":54.69,"y":82.11},"curveControlStart":{"x":65.12333333333333,"y":90.70333333333333},"curveControlEnd":{"x":59.906666666666666,"y":86.40666666666667}},"segment311":{"id":"segment311","color":"red","start":{"x":70.34,"y":95},"end":{"x":56.59,"y":78.1},"curveControlStart":{"x":65.75666666666667,"y":89.36666666666666},"curveControlEnd":{"x":61.17333333333334,"y":83.73333333333333}},"segment9712":{"id":"segment9712","color":"red","start":{"x":70.34,"y":95},"end":{"x":59.65,"y":74.28},"curveControlStart":{"x":66.77666666666667,"y":88.09333333333333},"curveControlEnd":{"x":63.21333333333333,"y":81.18666666666667}},"segment3913":{"id":"segment3913","color":"red","start":{"x":70.34,"y":95},"end":{"x":66.33,"y":69.51},"curveControlStart":{"x":69.00333333333333,"y":86.50333333333333},"curveControlEnd":{"x":67.66666666666667,"y":78.00666666666667}},"segment4914":{"id":"segment4914","color":"red","start":{"x":70.34,"y":95},"end":{"x":74.53,"y":70.47},"curveControlStart":{"x":71.73666666666666,"y":86.82333333333334},"curveControlEnd":{"x":73.13333333333334,"y":78.64666666666666}},"segment4415":{"id":"segment4415","color":"red","start":{"x":70.34,"y":95},"end":{"x":83.69,"y":75.62},"curveControlStart":{"x":74.79,"y":88.54},"curveControlEnd":{"x":79.24,"y":82.08}},"segment8416":{"id":"segment8416","color":"red","start":{"x":70.34,"y":95},"end":{"x":92.09,"y":84.59},"curveControlStart":{"x":77.59,"y":91.53},"curveControlEnd":{"x":84.84,"y":88.06}}}
}
