{
  "name": "on + -ω",
  "segments": {"segment520":{"id":"segment520","color":"blue","start":{"x":29.88,"y":95},"end":{"x":5.07,"y":87.45},"curveControlStart":{"x":21.61,"y":92.48333333333333},"curveControlEnd":{"x":13.34,"y":89.96666666666667}},"segment131":{"id":"segment131","color":"blue","start":{"x":29.88,"y":95},"end":{"x":13.08,"y":76.57},"curveControlStart":{"x":24.28,"y":88.85666666666667},"curveControlEnd":{"x":18.68,"y":82.71333333333332}},"segment543":{"id":"segment543","color":"blue","start":{"x":29.88,"y":95},"end":{"x":24.15,"y":72.37},"curveControlStart":{"x":27.97,"y":87.45666666666666},"curveControlEnd":{"x":26.06,"y":79.91333333333334}},"segment994":{"id":"segment994","color":"blue","start":{"x":29.88,"y":95},"end":{"x":33.5,"y":71.8},"curveControlStart":{"x":31.086666666666666,"y":87.26666666666667},"curveControlEnd":{"x":32.29333333333334,"y":79.53333333333333}},"segment285":{"id":"segment285","color":"blue","start":{"x":29.88,"y":95},"end":{"x":39.42,"y":75.62},"curveControlStart":{"x":33.06,"y":88.54},"curveControlEnd":{"x":36.24,"y":82.08}},"segment346":{"id":"segment346","color":"blue","start":{"x":29.88,"y":95},"end":{"x":43.24,"y":78.86},"curveControlStart":{"x":34.333333333333336,"y":89.62},"curveControlEnd":{"x":38.78666666666667,"y":84.24}},"segment378":{"id":"segment378","color":"blue","start":{"x":29.88,"y":95},"end":{"x":45.72,"y":82.3},"curveControlStart":{"x":35.16,"y":90.76666666666667},"curveControlEnd":{"x":40.44,"y":86.53333333333333}},"segment5117":{"id":"segment5117","color":"red","start":{"x":71.48,"y":95},"end":{"x":71.48,"y":77.74},"curveControlStart":{"x":71.48,"y":89.24666666666667},"curveControlEnd":{"x":71.48,"y":83.49333333333333}},"segment2518":{"id":"segment2518","color":"red","start":{"x":71.48,"y":77.74},"end":{"x":71.48,"y":65.52},"curveControlStart":{"x":71.48,"y":73.66666666666666},"curveControlEnd":{"x":71.48,"y":69.59333333333333}},"segment1619":{"id":"segment1619","color":"red","start":{"x":71.48,"y":65.52},"end":{"x":71.48,"y":56.94},"curveControlStart":{"x":71.48,"y":62.66},"curveControlEnd":{"x":71.48,"y":59.8}},"segment9720":{"id":"segment9720","color":"red","start":{"x":71.48,"y":56.94},"end":{"x":71.48,"y":51.02},"curveControlStart":{"x":71.48,"y":54.96666666666667},"curveControlEnd":{"x":71.48,"y":52.99333333333333}},"segment9921":{"id":"segment9921","color":"red","start":{"x":71.48,"y":51.02},"end":{"x":71.48,"y":46.44},"curveControlStart":{"x":71.48,"y":49.49333333333333},"curveControlEnd":{"x":71.48,"y":47.96666666666667}}}
}
