{
  "name": 2,
  "segments": {"segment76":{"id":"segment76","color":"blue","start":{"x":46.09,"y":95},"end":{"x":45.9,"y":68.7},"curveControlStart":{"x":46.02666666666667,"y":86.23333333333333},"curveControlEnd":{"x":45.96333333333333,"y":77.46666666666667}},"segment287":{"id":"segment287","color":"blue","start":{"x":45.9,"y":68.7},"end":{"x":45.71,"y":43.13},"curveControlStart":{"x":45.836666666666666,"y":60.17666666666667},"curveControlEnd":{"x":45.77333333333333,"y":51.653333333333336}}}
}